Workbook

Sheet Raporti
B2: RAPORTI I ANALIZAVE
B3: 46023 | C3: deri | D3: 46387
B4: Total Trades | C4: =SUM($Z$12:$Z$511) -> 1 | D4: Winrate | E4: =IF($C$5+$C$6=0,0,$C$5/($C$5+$C$6)) -> 0
B5: Total WINS | C5: =COUNTIFS($Z$12:$Z$511,1,$AB$12:$AB$511,"WIN") -> 0
B6: Total LOSS | C6: =COUNTIFS($Z$12:$Z$511,1,$AB$12:$AB$511,"LOSS") -> 0
B7: Total BE | C7: =COUNTIFS($Z$12:$Z$511,1,$AB$12:$AB$511,"BE") -> 1
B8: PnL | C8: =$AA$511-1 -> 0.0035
B10: Ky raport pasqyron rezultate të kaluara dhe nuk garanton performancë të ardhshme.
B11: Data | C11: Pair | D11: Setup | E11: R:R | F11: Status i pozitës | G11: Net | H11: Balance | I11: Shënime | Z11: Brenda periudhës | AA11: 1 | AB11: Kategoria | AC11: cTrader ID
B12: 46029 | C12: EUR/JPY | D12: IMB | E12: 1.4 | F12: CLOSE HALF - BE | G12: =IF($AB12="","",Cilësimet!$C$3*(INDEX(Cilësimet!$C$6:$C$10,MATCH($F12,Cilësimet!$A$6:$A$10,0))*N($E12)+INDEX(Cilësimet!$D$6:$D$10,MATCH($F12,Cilësimet!$A$6:$A$10,0)))) -> 0.0035 | H12: =IF($Z12=1,$AA12-1,"") -> 0.0035 | I12: Shembull – fshije këtë rresht | Z12: =IF($AB12="",0,IF(ISNUMBER($B12),IF(AND($B12>=N($B$3),OR(NOT(ISNUMBER($D$3)),$B12<=$D$3)),1,0),1)) -> 1 | AA12: =$AA11*(1+IF($Z12=1,N($G12),0)) -> 1.0035 | AB12: =IF($F12="","",IFERROR(INDEX(Cilësimet!$B$6:$B$10,MATCH($F12,Cilësimet!$A$6:$A$10,0)),"")) -> BE
G13: =IF($AB13="","",Cilësimet!$C$3*(INDEX(Cilësimet!$C$6:$C$10,MATCH($F13,Cilësimet!$A$6:$A$10,0))*N($E13)+INDEX(Cilësimet!$D$6:$D$10,MATCH($F13,Cilësimet!$A$6:$A$10,0)))) | H13: =IF($Z13=1,$AA13-1,"") | Z13: =IF($AB13="",0,IF(ISNUMBER($B13),IF(AND($B13>=N($B$3),OR(NOT(ISNUMBER($D$3)),$B13<=$D$3)),1,0),1)) -> 0 | AA13: =$AA12*(1+IF($Z13=1,N($G13),0)) -> 1.0035 | AB13: =IF($F13="","",IFERROR(INDEX(Cilësimet!$B$6:$B$10,MATCH($F13,Cilësimet!$A$6:$A$10,0)),""))
G14: =IF($AB14="","",Cilësimet!$C$3*(INDEX(Cilësimet!$C$6:$C$10,MATCH($F14,Cilësimet!$A$6:$A$10,0))*N($E14)+INDEX(Cilësimet!$D$6:$D$10,MATCH($F14,Cilësimet!$A$6:$A$10,0)))) | H14: =IF($Z14=1,$AA14-1,"") | Z14: =IF($AB14="",0,IF(ISNUMBER($B14),IF(AND($B14>=N($B$3),OR(NOT(ISNUMBER($D$3)),$B14<=$D$3)),1,0),1)) -> 0 | AA14: =$AA13*(1+IF($Z14=1,N($G14),0)) -> 1.0035 | AB14: =IF($F14="","",IFERROR(INDEX(Cilësimet!$B$6:$B$10,MATCH($F14,Cilësimet!$A$6:$A$10,0)),""))
G15: =IF($AB15="","",Cilësimet!$C$3*(INDEX(Cilësimet!$C$6:$C$10,MATCH($F15,Cilësimet!$A$6:$A$10,0))*N($E15)+INDEX(Cilësimet!$D$6:$D$10,MATCH($F15,Cilësimet!$A$6:$A$10,0)))) | H15: =IF($Z15=1,$AA15-1,"") | Z15: =IF($AB15="",0,IF(ISNUMBER($B15),IF(AND($B15>=N($B$3),OR(NOT(ISNUMBER($D$3)),$B15<=$D$3)),1,0),1)) -> 0 | AA15: =$AA14*(1+IF($Z15=1,N($G15),0)) -> 1.0035 | AB15: =IF($F15="","",IFERROR(INDEX(Cilësimet!$B$6:$B$10,MATCH($F15,Cilësimet!$A$6:$A$10,0)),""))
G16: =IF($AB16="","",Cilësimet!$C$3*(INDEX(Cilësimet!$C$6:$C$10,MATCH($F16,Cilësimet!$A$6:$A$10,0))*N($E16)+INDEX(Cilësimet!$D$6:$D$10,MATCH($F16,Cilësimet!$A$6:$A$10,0)))) | H16: =IF($Z16=1,$AA16-1,"") | Z16: =IF($AB16="",0,IF(ISNUMBER($B16),IF(AND($B16>=N($B$3),OR(NOT(ISNUMBER($D$3)),$B16<=$D$3)),1,0),1)) -> 0 | AA16: =$AA15*(1+IF($Z16=1,N($G16),0)) -> 1.0035 | AB16: =IF($F16="","",IFERROR(INDEX(Cilësimet!$B$6:$B$10,MATCH($F16,Cilësimet!$A$6:$A$10,0)),""))
G17: =IF($AB17="","",Cilësimet!$C$3*(INDEX(Cilësimet!$C$6:$C$10,MATCH($F17,Cilësimet!$A$6:$A$10,0))*N($E17)+INDEX(Cilësimet!$D$6:$D$10,MATCH($F17,Cilësimet!$A$6:$A$10,0)))) | H17: =IF($Z17=1,$AA17-1,"") | Z17: =IF($AB17="",0,IF(ISNUMBER($B17),IF(AND($B17>=N($B$3),OR(NOT(ISNUMBER($D$3)),$B17<=$D$3)),1,0),1)) -> 0 | AA17: =$AA16*(1+IF($Z17=1,N($G17),0)) -> 1.0035 | AB17: =IF($F17="","",IFERROR(INDEX(Cilësimet!$B$6:$B$10,MATCH($F17,Cilësimet!$A$6:$A$10,0)),""))
G18: =IF($AB18="","",Cilësimet!$C$3*(INDEX(Cilësimet!$C$6:$C$10,MATCH($F18,Cilësimet!$A$6:$A$10,0))*N($E18)+INDEX(Cilësimet!$D$6:$D$10,MATCH($F18,Cilësimet!$A$6:$A$10,0)))) | H18: =IF($Z18=1,$AA18-1,"") | Z18: =IF($AB18="",0,IF(ISNUMBER($B18),IF(AND($B18>=N($B$3),OR(NOT(ISNUMBER($D$3)),$B18<=$D$3)),1,0),1)) -> 0 | AA18: =$AA17*(1+IF($Z18=1,N($G18),0)) -> 1.0035 | AB18: =IF($F18="","",IFERROR(INDEX(Cilësimet!$B$6:$B$10,MATCH($F18,Cilësimet!$A$6:$A$10,0)),""))
G19: =IF($AB19="","",Cilësimet!$C$3*(INDEX(Cilësimet!$C$6:$C$10,MATCH($F19,Cilësimet!$A$6:$A$10,0))*N($E19)+INDEX(Cilësimet!$D$6:$D$10,MATCH($F19,Cilësimet!$A$6:$A$10,0)))) | H19: =IF($Z19=1,$AA19-1,"") | Z19: =IF($AB19="",0,IF(ISNUMBER($B19),IF(AND($B19>=N($B$3),OR(NOT(ISNUMBER($D$3)),$B19<=$D$3)),1,0),1)) -> 0 | AA19: =$AA18*(1+IF($Z19=1,N($G19),0)) -> 1.0035 | AB19: =IF($F19="","",IFERROR(INDEX(Cilësimet!$B$6:$B$10,MATCH($F19,Cilësimet!$A$6:$A$10,0)),""))
G20: =IF($AB20="","",Cilësimet!$C$3*(INDEX(Cilësimet!$C$6:$C$10,MATCH($F20,Cilësimet!$A$6:$A$10,0))*N($E20)+INDEX(Cilësimet!$D$6:$D$10,MATCH($F20,Cilësimet!$A$6:$A$10,0)))) | H20: =IF($Z20=1,$AA20-1,"") | Z20: =IF($AB20="",0,IF(ISNUMBER($B20),IF(AND($B20>=N($B$3),OR(NOT(ISNUMBER($D$3)),$B20<=$D$3)),1,0),1)) -> 0 | AA20: =$AA19*(1+IF($Z20=1,N($G20),0)) -> 1.0035 | AB20: =IF($F20="","",IFERROR(INDEX(Cilësimet!$B$6:$B$10,MATCH($F20,Cilësimet!$A$6:$A$10,0)),""))
G21: =IF($AB21="","",Cilësimet!$C$3*(INDEX(Cilësimet!$C$6:$C$10,MATCH($F21,Cilësimet!$A$6:$A$10,0))*N($E21)+INDEX(Cilësimet!$D$6:$D$10,MATCH($F21,Cilësimet!$A$6:$A$10,0)))) | H21: =IF($Z21=1,$AA21-1,"") | Z21: =IF($AB21="",0,IF(ISNUMBER($B21),IF(AND($B21>=N($B$3),OR(NOT(ISNUMBER($D$3)),$B21<=$D$3)),1,0),1)) -> 0 | AA21: =$AA20*(1+IF($Z21=1,N($G21),0)) -> 1.0035 | AB21: =IF($F21="","",IFERROR(INDEX(Cilësimet!$B$6:$B$10,MATCH($F21,Cilësimet!$A$6:$A$10,0)),""))
G22: =IF($AB22="","",Cilësimet!$C$3*(INDEX(Cilësimet!$C$6:$C$10,MATCH($F22,Cilësimet!$A$6:$A$10,0))*N($E22)+INDEX(Cilësimet!$D$6:$D$10,MATCH($F22,Cilësimet!$A$6:$A$10,0)))) | H22: =IF($Z22=1,$AA22-1,"") | Z22: =IF($AB22="",0,IF(ISNUMBER($B22),IF(AND($B22>=N($B$3),OR(NOT(ISNUMBER($D$3)),$B22<=$D$3)),1,0),1)) -> 0 | AA22: =$AA21*(1+IF($Z22=1,N($G22),0)) -> 1.0035 | AB22: =IF($F22="","",IFERROR(INDEX(Cilësimet!$B$6:$B$10,MATCH($F22,Cilësimet!$A$6:$A$10,0)),""))
G23: =IF($AB23="","",Cilësimet!$C$3*(INDEX(Cilësimet!$C$6:$C$10,MATCH($F23,Cilësimet!$A$6:$A$10,0))*N($E23)+INDEX(Cilësimet!$D$6:$D$10,MATCH($F23,Cilësimet!$A$6:$A$10,0)))) | H23: =IF($Z23=1,$AA23-1,"") | Z23: =IF($AB23="",0,IF(ISNUMBER($B23),IF(AND($B23>=N($B$3),OR(NOT(ISNUMBER($D$3)),$B23<=$D$3)),1,0),1)) -> 0 | AA23: =$AA22*(1+IF($Z23=1,N($G23),0)) -> 1.0035 | AB23: =IF($F23="","",IFERROR(INDEX(Cilësimet!$B$6:$B$10,MATCH($F23,Cilësimet!$A$6:$A$10,0)),""))
G24: =IF($AB24="","",Cilësimet!$C$3*(INDEX(Cilësimet!$C$6:$C$10,MATCH($F24,Cilësimet!$A$6:$A$10,0))*N($E24)+INDEX(Cilësimet!$D$6:$D$10,MATCH($F24,Cilësimet!$A$6:$A$10,0)))) | H24: =IF($Z24=1,$AA24-1,"") | Z24: =IF($AB24="",0,IF(ISNUMBER($B24),IF(AND($B24>=N($B$3),OR(NOT(ISNUMBER($D$3)),$B24<=$D$3)),1,0),1)) -> 0 | AA24: =$AA23*(1+IF($Z24=1,N($G24),0)) -> 1.0035 | AB24: =IF($F24="","",IFERROR(INDEX(Cilësimet!$B$6:$B$10,MATCH($F24,Cilësimet!$A$6:$A$10,0)),""))
... G28: =IF($AB28="","",Cilësimet!$C$3*(INDEX(Cilësimet!$C$6:$C$10,MATCH($F28,Cilësimet!$A$6:$A$10,0))*N($E28)+INDEX(Cilësimet!$D$6:$D$10,MATCH($F28,Cilësimet!$A$6:$A$10,0)))) | H28: =IF($Z28=1,$AA28-1,"") | Z28: =IF($AB28="",0,IF(ISNUMBER($B28),IF(AND($B28>=N($B$3),OR(NOT(ISNUMBER($D$3)),$B28<=$D$3)),1,0),1)) -> 0 | AA28: =$AA27*(1+IF($Z28=1,N($G28),0)) -> 1.0035 | AB28: =IF($F28="","",IFERROR(INDEX(Cilësimet!$B$6:$B$10,MATCH($F28,Cilësimet!$A$6:$A$10,0)),""))
G29: =IF($AB29="","",Cilësimet!$C$3*(INDEX(Cilësimet!$C$6:$C$10,MATCH($F29,Cilësimet!$A$6:$A$10,0))*N($E29)+INDEX(Cilësimet!$D$6:$D$10,MATCH($F29,Cilësimet!$A$6:$A$10,0)))) | H29: =IF($Z29=1,$AA29-1,"") | K29: Plotëso vetëm: Data, Pair, Setup, R:R, Status i pozitës dhe Shënime (qelizat me sfond më të çelët). | Z29: =IF($AB29="",0,IF(ISNUMBER($B29),IF(AND($B29>=N($B$3),OR(NOT(ISNUMBER($D$3)),$B29<=$D$3)),1,0),1)) -> 0 | AA29: =$AA28*(1+IF($Z29=1,N($G29),0)) -> 1.0035 | AB29: =IF($F29="","",IFERROR(INDEX(Cilësimet!$B$6:$B$10,MATCH($F29,Cilësimet!$A$6:$A$10,0)),""))
G30: =IF($AB30="","",Cilësimet!$C$3*(INDEX(Cilësimet!$C$6:$C$10,MATCH($F30,Cilësimet!$A$6:$A$10,0))*N($E30)+INDEX(Cilësimet!$D$6:$D$10,MATCH($F30,Cilësimet!$A$6:$A$10,0)))) | H30: =IF($Z30=1,$AA30-1,"") | K30: Net, Balance, statistikat dhe grafikët llogariten vetë. Periudha ndryshohet te B3 dhe D3. | Z30: =IF($AB30="",0,IF(ISNUMBER($B30),IF(AND($B30>=N($B$3),OR(NOT(ISNUMBER($D$3)),$B30<=$D$3)),1,0),1)) -> 0 | AA30: =$AA29*(1+IF($Z30=1,N($G30),0)) -> 1.0035 | AB30: =IF($F30="","",IFERROR(INDEX(Cilësimet!$B$6:$B$10,MATCH($F30,Cilësimet!$A$6:$A$10,0)),""))
G31: =IF($AB31="","",Cilësimet!$C$3*(INDEX(Cilësimet!$C$6:$C$10,MATCH($F31,Cilësimet!$A$6:$A$10,0))*N($E31)+INDEX(Cilësimet!$D$6:$D$10,MATCH($F31,Cilësimet!$A$6:$A$10,0)))) | H31: =IF($Z31=1,$AA31-1,"") | Z31: =IF($AB31="",0,IF(ISNUMBER($B31),IF(AND($B31>=N($B$3),OR(NOT(ISNUMBER($D$3)),$B31<=$D$3)),1,0),1)) -> 0 | AA31: =$AA30*(1+IF($Z31=1,N($G31),0)) -> 1.0035 | AB31: =IF($F31="","",IFERROR(INDEX(Cilësimet!$B$6:$B$10,MATCH($F31,Cilësimet!$A$6:$A$10,0)),""))
G32: =IF($AB32="","",Cilësimet!$C$3*(INDEX(Cilësimet!$C$6:$C$10,MATCH($F32,Cilësimet!$A$6:$A$10,0))*N($E32)+INDEX(Cilësimet!$D$6:$D$10,MATCH($F32,Cilësimet!$A$6:$A$10,0)))) | H32: =IF($Z32=1,$AA32-1,"") | Z32: =IF($AB32="",0,IF(ISNUMBER($B32),IF(AND($B32>=N($B$3),OR(NOT(ISNUMBER($D$3)),$B32<=$D$3)),1,0),1)) -> 0 | AA32: =$AA31*(1+IF($Z32=1,N($G32),0)) -> 1.0035 | AB32: =IF($F32="","",IFERROR(INDEX(Cilësimet!$B$6:$B$10,MATCH($F32,Cilësimet!$A$6:$A$10,0)),""))
G33: =IF($AB33="","",Cilësimet!$C$3*(INDEX(Cilësimet!$C$6:$C$10,MATCH($F33,Cilësimet!$A$6:$A$10,0))*N($E33)+INDEX(Cilësimet!$D$6:$D$10,MATCH($F33,Cilësimet!$A$6:$A$10,0)))) | H33: =IF($Z33=1,$AA33-1,"") | Z33: =IF($AB33="",0,IF(ISNUMBER($B33),IF(AND($B33>=N($B$3),OR(NOT(ISNUMBER($D$3)),$B33<=$D$3)),1,0),1)) -> 0 | AA33: =$AA32*(1+IF($Z33=1,N($G33),0)) -> 1.0035 | AB33: =IF($F33="","",IFERROR(INDEX(Cilësimet!$B$6:$B$10,MATCH($F33,Cilësimet!$A$6:$A$10,0)),""))
G34: =IF($AB34="","",Cilësimet!$C$3*(INDEX(Cilësimet!$C$6:$C$10,MATCH($F34,Cilësimet!$A$6:$A$10,0))*N($E34)+INDEX(Cilësimet!$D$6:$D$10,MATCH($F34,Cilësimet!$A$6:$A$10,0)))) | H34: =IF($Z34=1,$AA34-1,"") | Z34: =IF($AB34="",0,IF(ISNUMBER($B34),IF(AND($B34>=N($B$3),OR(NOT(ISNUMBER($D$3)),$B34<=$D$3)),1,0),1)) -> 0 | AA34: =$AA33*(1+IF($Z34=1,N($G34),0)) -> 1.0035 | AB34: =IF($F34="","",IFERROR(INDEX(Cilësimet!$B$6:$B$10,MATCH($F34,Cilësimet!$A$6:$A$10,0)),""))
G35: =IF($AB35="","",Cilësimet!$C$3*(INDEX(Cilësimet!$C$6:$C$10,MATCH($F35,Cilësimet!$A$6:$A$10,0))*N($E35)+INDEX(Cilësimet!$D$6:$D$10,MATCH($F35,Cilësimet!$A$6:$A$10,0)))) | H35: =IF($Z35=1,$AA35-1,"") | Z35: =IF($AB35="",0,IF(ISNUMBER($B35),IF(AND($B35>=N($B$3),OR(NOT(ISNUMBER($D$3)),$B35<=$D$3)),1,0),1)) -> 0 | AA35: =$AA34*(1+IF($Z35=1,N($G35),0)) -> 1.0035 | AB35: =IF($F35="","",IFERROR(INDEX(Cilësimet!$B$6:$B$10,MATCH($F35,Cilësimet!$A$6:$A$10,0)),""))
G36: =IF($AB36="","",Cilësimet!$C$3*(INDEX(Cilësimet!$C$6:$C$10,MATCH($F36,Cilësimet!$A$6:$A$10,0))*N($E36)+INDEX(Cilësimet!$D$6:$D$10,MATCH($F36,Cilësimet!$A$6:$A$10,0)))) | H36: =IF($Z36=1,$AA36-1,"") | Z36: =IF($AB36="",0,IF(ISNUMBER($B36),IF(AND($B36>=N($B$3),OR(NOT(ISNUMBER($D$3)),$B36<=$D$3)),1,0),1)) -> 0 | AA36: =$AA35*(1+IF($Z36=1,N($G36),0)) -> 1.0035 | AB36: =IF($F36="","",IFERROR(INDEX(Cilësimet!$B$6:$B$10,MATCH($F36,Cilësimet!$A$6:$A$10,0)),""))
G37: =IF($AB37="","",Cilësimet!$C$3*(INDEX(Cilësimet!$C$6:$C$10,MATCH($F37,Cilësimet!$A$6:$A$10,0))*N($E37)+INDEX(Cilësimet!$D$6:$D$10,MATCH($F37,Cilësimet!$A$6:$A$10,0)))) | H37: =IF($Z37=1,$AA37-1,"") | Z37: =IF($AB37="",0,IF(ISNUMBER($B37),IF(AND($B37>=N($B$3),OR(NOT(ISNUMBER($D$3)),$B37<=$D$3)),1,0),1)) -> 0 | AA37: =$AA36*(1+IF($Z37=1,N($G37),0)) -> 1.0035 | AB37: =IF($F37="","",IFERROR(INDEX(Cilësimet!$B$6:$B$10,MATCH($F37,Cilësimet!$A$6:$A$10,0)),""))
G38: =IF($AB38="","",Cilësimet!$C$3*(INDEX(Cilësimet!$C$6:$C$10,MATCH($F38,Cilësimet!$A$6:$A$10,0))*N($E38)+INDEX(Cilësimet!$D$6:$D$10,MATCH($F38,Cilësimet!$A$6:$A$10,0)))) | H38: =IF($Z38=1,$AA38-1,"") | Z38: =IF($AB38="",0,IF(ISNUMBER($B38),IF(AND($B38>=N($B$3),OR(NOT(ISNUMBER($D$3)),$B38<=$D$3)),1,0),1)) -> 0 | AA38: =$AA37*(1+IF($Z38=1,N($G38),0)) -> 1.0035 | AB38: =IF($F38="","",IFERROR(INDEX(Cilësimet!$B$6:$B$10,MATCH($F38,Cilësimet!$A$6:$A$10,0)),""))
G39: =IF($AB39="","",Cilësimet!$C$3*(INDEX(Cilësimet!$C$6:$C$10,MATCH($F39,Cilësimet!$A$6:$A$10,0))*N($E39)+INDEX(Cilësimet!$D$6:$D$10,MATCH($F39,Cilësimet!$A$6:$A$10,0)))) | H39: =IF($Z39=1,$AA39-1,"") | Z39: =IF($AB39="",0,IF(ISNUMBER($B39),IF(AND($B39>=N($B$3),OR(NOT(ISNUMBER($D$3)),$B39<=$D$3)),1,0),1)) -> 0 | AA39: =$AA38*(1+IF($Z39=1,N($G39),0)) -> 1.0035 | AB39: =IF($F39="","",IFERROR(INDEX(Cilësimet!$B$6:$B$10,MATCH($F39,Cilësimet!$A$6:$A$10,0)),""))
G40: =IF($AB40="","",Cilësimet!$C$3*(INDEX(Cilësimet!$C$6:$C$10,MATCH($F40,Cilësimet!$A$6:$A$10,0))*N($E40)+INDEX(Cilësimet!$D$6:$D$10,MATCH($F40,Cilësimet!$A$6:$A$10,0)))) | H40: =IF($Z40=1,$AA40-1,"") | Z40: =IF($AB40="",0,IF(ISNUMBER($B40),IF(AND($B40>=N($B$3),OR(NOT(ISNUMBER($D$3)),$B40<=$D$3)),1,0),1)) -> 0 | AA40: =$AA39*(1+IF($Z40=1,N($G40),0)) -> 1.0035 | AB40: =IF($F40="","",IFERROR(INDEX(Cilësimet!$B$6:$B$10,MATCH($F40,Cilësimet!$A$6:$A$10,0)),""))
G41: =IF($AB41="","",Cilësimet!$C$3*(INDEX(Cilësimet!$C$6:$C$10,MATCH($F41,Cilësimet!$A$6:$A$10,0))*N($E41)+INDEX(Cilësimet!$D$6:$D$10,MATCH($F41,Cilësimet!$A$6:$A$10,0)))) | H41: =IF($Z41=1,$AA41-1,"") | Z41: =IF($AB41="",0,IF(ISNUMBER($B41),IF(AND($B41>=N($B$3),OR(NOT(ISNUMBER($D$3)),$B41<=$D$3)),1,0),1)) -> 0 | AA41: =$AA40*(1+IF($Z41=1,N($G41),0)) -> 1.0035 | AB41: =IF($F41="","",IFERROR(INDEX(Cilësimet!$B$6:$B$10,MATCH($F41,Cilësimet!$A$6:$A$10,0)),""))
G42: =IF($AB42="","",Cilësimet!$C$3*(INDEX(Cilësimet!$C$6:$C$10,MATCH($F42,Cilësimet!$A$6:$A$10,0))*N($E42)+INDEX(Cilësimet!$D$6:$D$10,MATCH($F42,Cilësimet!$A$6:$A$10,0)))) | H42: =IF($Z42=1,$AA42-1,"") | Z42: =IF($AB42="",0,IF(ISNUMBER($B42),IF(AND($B42>=N($B$3),OR(NOT(ISNUMBER($D$3)),$B42<=$D$3)),1,0),1)) -> 0 | AA42: =$AA41*(1+IF($Z42=1,N($G42),0)) -> 1.0035 | AB42: =IF($F42="","",IFERROR(INDEX(Cilësimet!$B$6:$B$10,MATCH($F42,Cilësimet!$A$6:$A$10,0)),""))
... G511: =IF($AB511="","",Cilësimet!$C$3*(INDEX(Cilësimet!$C$6:$C$10,MATCH($F511,Cilësimet!$A$6:$A$10,0))*N($E511)+INDEX(Cilësimet!$D$6:$D$10,MATCH($F511,Cilësimet!$A$6:$A$10,0)))) | H511: =IF($Z511=1,$AA511-1,"") | Z511: =IF($AB511="",0,IF(ISNUMBER($B511),IF(AND($B511>=N($B$3),OR(NOT(ISNUMBER($D$3)),$B511<=$D$3)),1,0),1)) -> 0 | AA511: =$AA510*(1+IF($Z511=1,N($G511),0)) -> 1.0035 | AB511: =IF($F511="","",IFERROR(INDEX(Cilësimet!$B$6:$B$10,MATCH($F511,Cilësimet!$A$6:$A$10,0)),""))

Sheet Cilësimet
A1: CILËSIMET
A3: Rreziku për trade | C3: 0.01
F4: Setup | H4: Pair
A5: Statusi | B5: Kategoria | C5: × R:R | D5: + R fikse | F5: IMB | H5: EUR/USD | J5: Net = Rreziku × (R:R × shumëzuesi + R fikse)
A6: TP | B6: WIN | C6: 1 | D6: 0 | F6: CHILL | H6: GBP/USD | J6: TP: e gjithë pozita mbyllet te TP → 1 × R:R
A7: CLOSE HALF - TP | B7: WIN | C7: 0.75 | D7: 0 | F7: BOS | H7: USD/JPY | J7: CLOSE HALF - TP: gjysma mbyllet te gjysma e rrugës, gjysma te TP → 0.75 × R:R
A8: CLOSE HALF - BE | B8: BE | C8: 0.25 | D8: 0 | F8: CHOCH | H8: USD/CHF | J8: CLOSE HALF - BE: gjysma mbyllet te gjysma e rrugës, pjesa tjetër në BE → 0.25 × R:R
A9: BE | B9: BE | C9: 0 | D9: 0 | F9: FVG | H9: USD/CAD | J9: BE: mbyllet pa fitim e pa humbje → 0
A10: LOSS | B10: LOSS | C10: 0 | D10: -1 | F10: OB | H10: AUD/USD | J10: LOSS: goditet SL → -1R
F11: BREAKER | H11: NZD/USD | J11: Kategoria vendos ku numërohet trade-i: WIN, LOSS ose BE.
F12: SWEEP | H12: EUR/JPY | J12: Winrate = WINS / (WINS + LOSS). Trade-t BE nuk ndikojnë në winrate.
A13: Qelizat me sfond pak më të çelët (C3, tabela e statuseve, Setup, Pair) mund t'i ndryshosh. | H13: EUR/GBP
H14: EUR/CAD
H15: EUR/AUD
H16: EUR/CHF
H17: GBP/JPY
H18: GBP/AUD
H19: AUD/JPY
H20: AUD/CHF
H21: CAD/JPY
H22: XAU/USD
H23: US30
H24: NAS100

Sheet Udhëzime
B2: UDHËZIME
B4: Si ta përdorësh
B5: 1. Te fleta 'Raporti' shto një rresht për çdo trade, duke nisur nga rreshti 12.
B6: 2. Plotëso: Data, Pair, Setup, R:R dhe Status i pozitës (zgjidhe nga lista). Shënime është opsionale.
B7: 3. Net, Balance, Total Trades/WINS/LOSS/BE, Winrate, PnL dhe grafikët llogariten automatikisht – mos i shkruaj me dorë.
B8: 4. Periudha e raportit: ndrysho datat te B3 (nga) dhe D3 (deri). Llogariten vetëm trade-t brenda periudhës.
B9: 5. Fshi rreshtin shembull (rreshti 12) para se të fillosh. Ka vend për 500 trade (rreshtat 12–511).
B10: 6. Shkruaji trade-t me radhë kronologjike – Balance llogaritet nga lart poshtë.
B12: Si llogaritet
B13: • Net = Rreziku × (R:R × shumëzuesi + R fikse). Rreziku dhe shumëzuesit janë te fleta 'Cilësimet'.
B14: • TP = 1 × R:R · CLOSE HALF - TP = 0.75 × R:R · CLOSE HALF - BE = 0.25 × R:R · BE = 0 · LOSS = −1R
B15: • Balance rritet me interes të përbërë: (1 + Balance i mëparshëm) × (1 + Net) − 1. PnL = Balance i fundit.
... B26: Qelizat me sfond pak më të çelët janë për t'u plotësuar. Qelizat e errëta llogariten vetë.
